betaI,iota,beta_sd,sigma,kappa,gammaI,gammaH,gammaC,gammaV,TF,rho,theta,dI0,dP0,dT0,dB0,dI1,dP1,dT1,dB1,qP,qH,qC,mI,mC,mV,S0,EQ0,PQ0,IQ0,E0,P0,I0,H0,C0,V0,M0
1.40758806343178,0.017704277990183308,0.01,0.2,1,0.172133302616885,0.635123961314889,1.31234713108046,0.32700319758295193,16031.670053930604,0.487576658764406,0.415700726852156,0.48552826499870805,0.17624951089222496,0.26318538898183697,0.2,0.331872295141556,0.259732942470986,0.630072923852895,0,0.722056284667341,0.137405612125941,0.883271524025973,0.0055046810797440004,0.197242061100997,0.685825470240576,1,0,0,0,0,0,0,0,0,0,0
