R0,amplitude,gamma,mu,sigma,rho,psi,S_0,E_0,I_0,R_0
31.3249,0.388362,73.05,0.000646983,45.66,0.4598709,0.1462546,0.03399189,0.000233633,4.22E-07,0.9657741
