"betaI","theta","iota","beta_sd","dI0","dP0","dT0","dB0","dI1","dP1","dT1","dB1","qP","qH","qC","mI","mC","mV","sigma","kappa","gammaI","gammaH","gammaC","gammaV","rho","TF","S0","EQ0","PQ0","IQ0","E0","P0","I0","H0","C0","V0","M0"
0.375,0.375,62.5,0,0.525,0.525,0.075,0,0.0625,0.4375,0.1875,0,0.0625,0.375,0.8125,0.0125,0.625,0.6875,0.2,1,0.2,0.7,0.6625,0.8875,0.125,7500,1,0,0,0,0,0,0,0,0,0,0
0.875,0.875,12.5,0,0.225,0.225,0.375,0,0.3125,0.1875,0.4375,0,0.3125,0.875,0.5625,0.0625,0.125,0.9375,0.2,1,0.2,0.3,0.2125,0.4375,0.625,5500,1,0,0,0,0,0,0,0,0,0,0
0.625,0.125,37.5,0,0.075,0.375,0.525,0,0.1875,0.0625,0.0625,0,0.1875,0.625,0.9375,0.0875,0.375,0.5625,0.2,1,0.2,0.9,0.4375,0.6625,0.375,4500,1,0,0,0,0,0,0,0,0,0,0
0.125,0.625,87.5,0,0.375,0.075,0.225,0,0.4375,0.3125,0.3125,0,0.4375,0.125,0.6875,0.0375,0.875,0.8125,0.2,1,0.2,0.5,0.8875,0.2125,0.875,6500,1,0,0,0,0,0,0,0,0,0,0
0.1875,0.3125,31.25,0,0.3375,0.1125,0.0375,0,0.09375,0.03125,0.34375,0,0.28125,0.6875,0.59375,0.06875,0.1875,0.53125,0.2,1,0.2,0.45,0.15625,0.38125,0.4375,5750,1,0,0,0,0,0,0,0,0,0,0
